3rd Party,Captain Slug Caliburn
3rd Party,Jet Ceda
3rd Party,Jet Ceda-S
Adventure Force,Accelerator
Adventure Force,Aeon Pro
Adventure Force,Alpha Rogue
Adventure Force,Battle Blazer
Adventure Force,Carnivore
Adventure Force,Cataclysm
Adventure Force,Clash Combat
Adventure Force,Clip Fed Long Distance Rifle
Adventure Force,Commandfire
Adventure Force,Crossbow (Adventure Force)
Adventure Force,Decimator
Adventure Force,Destroyer
Adventure Force,Double Fire
Adventure Force,Double Trouble
Adventure Force,Duel Force
Adventure Force,Exact Attack
Adventure Force,Firestreak
Adventure Force,Frantic Fury
Adventure Force,Havoc (Dart Zone)
Adventure Force,Hypershot
Adventure Force,Hyperspin
Adventure Force,Legendfire
Adventure Force,Liberator
Adventure Force,Light Command
Adventure Force,Max Havoc (Adventure Force)
Adventure Force,Max Morpher
Adventure Force,Nexus Pro
Adventure Force,Powerbolt Belt Blaster
Adventure Force,Quantum
Adventure Force,Quatroblast (Adventure Force)
Adventure Force,Rebel Mech
Adventure Force,Savage Spin
Adventure Force,Scorpion
Adventure Force,Sentry X2
Adventure Force,Sling Shot (Adventure Force)
Adventure Force,Spectrum
Adventure Force,Sportsman
Adventure Force,Springfire
Adventure Force,Super Drum
Adventure Force,Thermal Tracker
Adventure Force,Titanium
Adventure Force,Tri-Fire
Adventure Force,V-Twin
Adventure Force,Villainator
BoomCo,Amazonian Crossbow
BoomCo,Blaze of Glory
BoomCo,Breakflip
BoomCo,Brute Spiker
BoomCo,Burstwave
BoomCo,Clipfire
BoomCo,Colossal Blitz
BoomCo,Covenant Carbine
BoomCo,Covenant Needler
BoomCo,Covenant Plasma Overcharge Blaster
BoomCo,Crank Force
BoomCo,Double Rush
BoomCo,Dynamag
BoomCo,Farshot
BoomCo,Flipbow
BoomCo,Gauntlet Grip
BoomCo,Gripstrike
BoomCo,Kryptonite Strike Blaster
BoomCo,Mad Slammer
BoomCo,ODST M6
BoomCo,Quicksnap
BoomCo,RailStinger
BoomCo,Rapid Madness
BoomCo,Slamblast
BoomCo,Slambow
BoomCo,Spinsanity 3X
BoomCo,Stealth Ambush
BoomCo,Thundercover
BoomCo,Tri-Blast
BoomCo,Twisted Spinner
BoomCo,UNSC H-295
BoomCo,UNSC M6
BoomCo,UNSC M6C SOCOM
BoomCo,UNSC MA5
BoomCo,UNSC SMG
BoomCo,Whipblast
Buzz bee,Abraham's M16
Buzz bee,Agitator
Buzz bee,Air Max 10
Buzz bee,Air Max 6
Buzz bee,Air Tek 8
Buzz bee,Andrea's Rifle
Buzz bee,Auto Tek 20
Buzz bee,Automatic Tommy 20
Buzz bee,Ball Blastzooka
Buzz bee,Barbarian
Buzz bee,Baron
Buzz bee,Battle Blazer
Buzz bee,Battle Snake Ball Blaster
Buzz bee,Belt Blaster
Buzz bee,Berserker
Buzz bee,Big Blast
Buzz bee,BIONICLE Ball Shooter
Buzz bee,Blastzooka
Buzz bee,Blow Dart Shooter
Buzz bee,Boss
Buzz bee,Brute
Buzz bee,Carl's Revolver
Buzz bee,Carnivore
Buzz bee,Cataclysm
Buzz bee,Champion
Buzz bee,Clip Blaster 10
Buzz bee,Clip Fed Long Distance Rifle
Buzz bee,Clip Tek
Buzz bee,Cougar
Buzz bee,Covert Squad
Buzz bee,Cyclonic
Buzz bee,Decimator
Buzz bee,Demolisher (Buzz Bee)
Buzz bee,Derringer
Buzz bee,Destiny
Buzz bee,Double Drum
Buzz bee,Double Fire
Buzz bee,Double Shot
Buzz bee,Double Shot (2011)
Buzz bee,Dwight's Crossbow
Buzz bee,Equalizer
Buzz bee,Eradicator
Buzz bee,Gem
Buzz bee,GunSmoke
Buzz bee,GunSmoke Pistol
Buzz bee,Harpoon Blaster
Buzz bee,Hawk
Buzz bee,Hunter
Buzz bee,Jaguar
Buzz bee,Jaguar (2019)
Buzz bee,Laser Tek
Buzz bee,Launch Blaster
Buzz bee,Lightning Strike Ball Blaster
Buzz bee,Lightning Strike Disk Shooter
Buzz bee,Maniac
Buzz bee,Max Morpher
Buzz bee,Mech Ball Blaster
Buzz bee,Mech Six
Buzz bee,Mech Three
Buzz bee,Mech Tommy 20
Buzz bee,Mega Missile (blaster)
Buzz bee,Merlin
Buzz bee,Metamorph
Buzz bee,Monorail Blaster
Buzz bee,Mustang 6
Buzz bee,Mutator
Buzz bee,Night Tek
Buzz bee,Overlord
Buzz bee,Panther
Buzz bee,Panther (Air Warriors)
Buzz bee,Phantoka Spheres Shooter
Buzz bee,Phoenix (Buzz Bee)
Buzz bee,Piraka Ball Shooter
Buzz bee,Pop Shots Missile Launcher
Buzz bee,Power Bow
Buzz bee,Powermech
Buzz bee,Predator
Buzz bee,Predator (Ultra-Tek)
Buzz bee,Protector
Buzz bee,Pump Tek
Buzz bee,RADS 12
Buzz bee,Range Master
Buzz bee,Rapid Fire Tek
Buzz bee,Reaper (Air Warriors)
Buzz bee,Reaper (Ultra-Tek)
Buzz bee,Rebel Mech
Buzz bee,Revolution (Buzz Bee)
Buzz bee,Rick's Shotgun
Buzz bee,Rogue
Buzz bee,Sentinel
Buzz bee,Sentry
Buzz bee,Side Winder
Buzz bee,Sidewinder (Ultra-Tek)
Buzz bee,Single Tek
Buzz bee,Sling Shot
Buzz bee,Sling Shot (Adventure Force)
Buzz bee,Snipe
Buzz bee,Snipe (Air Warriors)
Buzz bee,Sonic 6
Buzz bee,Space Hero Air Blaster
Buzz bee,Springfire
Buzz bee,Star
Buzz bee,Stryker Force
Buzz bee,Surge 10
Buzz bee,Surge 6
Buzz bee,Tactical Storm
Buzz bee,Tek 3
Buzz bee,Tek 4
Buzz bee,Tek 5
Buzz bee,Tek Six
Buzz bee,Tek Six (2005)
Buzz bee,Tek Ten
Buzz bee,Tek Ten (2006)
Buzz bee,Tetra-Strike
Buzz bee,Thermal Hunter
Buzz bee,Thermal Zenith
Buzz bee,Thunderbolt
Buzz bee,Toa Mahri Dart Shooter
Buzz bee,Tommy 12
Buzz bee,Torrent
Buzz bee,Tracker
Buzz bee,Triple Mech
Buzz bee,Turbo 12
Buzz bee,Tyrant
Buzz bee,Ultimate Berserker
Buzz bee,Ultimate Clip Blast
Buzz bee,Ultimate Missile Blast
Buzz bee,Ultimate Rapid Blast
Buzz bee,Ultimate Snipe Blast
Buzz bee,Ultimate Tek 10
Buzz bee,Vampire Hunter
Buzz bee,Wizard
Buzz bee,Wizard (Air Warriors)
Buzz bee,Zenith
Nerf,4Victory
Nerf,Abolisher ZR-800
Nerf,AccuTrooper
Nerf,AeroFury
Nerf,Agent Bow
Nerf,Agent Bow (Code Red)
Nerf,Air Tech 1000
Nerf,Air Tech 2000
Nerf,Air Tech 3000
Nerf,Air Tech 4000
Nerf,Air Tech Ball Blaster
Nerf,Air Tech Jet Squadron
Nerf,Alien Archer
Nerf,Allegiant Blaster
Nerf,Allegiant Six-Shot Blaster
Nerf,Allegiant Training Blaster
Nerf,Alpha Trooper CS-12
Nerf,Alpha Trooper CS-18
Nerf,Alpha Trooper CS-6
Nerf,AlphaHawk
Nerf,AlphaPoint
Nerf,Alternator
Nerf,Amban Phase-Pulse Blaster
Nerf,AMP
Nerf,Apollo XV-700
Nerf,Apollo XV-700 (Camo)
Nerf,Apollo XV-700 (Deadpool)
Nerf,Apollo XV-700 (Phantom Corps)
Nerf,Apollo XV-700 (Star Wars)
Nerf,AR-Durrr Burger
Nerf,AR-E
Nerf,AR-Goosebumps
Nerf,AR-L
Nerf,AR-Rippley
Nerf,ArmorShot
Nerf,Arrow Revolution Bow
Nerf,Arrow Strike
Nerf,Arrowstorm
Nerf,Artemis XVII-3000
Nerf,Atlas XVI-1200
Nerf,Atom Blaster
Nerf,Atomizer
Nerf,AutoGrip
Nerf,Avengers' Hawkeye Bow
Nerf,B.Va Blaster
Nerf,Backlash
Nerf,Ball Blaster (Nerf)
Nerf,Ballzooka
Nerf,Ballzooka MP150
Nerf,Barrel Break IX-2
Nerf,Barrel Break IX-2 (Elite Repaint)
Nerf,Barrel Break IX-2 (Sonic FIRE)
Nerf,Barrel Break IX-2 (Sonic)
Nerf,BarrelStrike
Nerf,Barricade RV-10
Nerf,Barricade RV-10 (Bumblebee)
Nerf,Barricade RV-10 (Gear Up)
Nerf,Barricade RV-10 (Optimus Prime)
Nerf,Barricade RV-10 (Sonic)
Nerf,BASR-L
Nerf,BASR-R
Nerf,Battlescout ICS-10
Nerf,Battlescout ICS-10 (BattleCamo)
Nerf,Beast-X King Mega Bow
Nerf,Big Bad Bow (Action Blasters)
Nerf,Big Bad Bow (Hyper Sight)
Nerf,Big Bad Bow (N-Strike)
Nerf,Big Bad Titan
Nerf,BigShock
Nerf,Black Panther Assembler Gear
Nerf,Black Panther Blaster
Nerf,Black Panther Panther Slash
Nerf,Black Widow Stinger Strike
Nerf,Blast Fire DX500
Nerf,Blast Hammer
Nerf,Blast-a-Ball
Nerf,Blast-a-Matic
Nerf,Blaster Reveal Shield
Nerf,Blaster Stock
Nerf,Blazefire
Nerf,Blazin' Bow
Nerf,Bliss
Nerf,Blowdart Blaster (Nerf)
Nerf,Bounty Hunter Blaster
Nerf,Bow 'n' Arrow
Nerf,BowStrike
Nerf,Brainsaw
Nerf,Bulldog
Nerf,Bulldog SG
Nerf,Bungee Blaster
Nerf,Buzzsaw
Nerf,Cam ECS-12
Nerf,Captain America Assembler Gear
Nerf,Captain America Assembler Gear (blaster)
Nerf,Captain America Blaster
Nerf,Captain America Shield Sling
Nerf,Captain Cassian Andor (Eadu) Deluxe Blaster
Nerf,Captain Marvel Assembler Gear
Nerf,Captain Marvel Blaster
Nerf,Captain Marvel Photon Blast
Nerf,Captain Phasma Blaster
Nerf,Centurion
Nerf,Centurion (Sonic ICE)
Nerf,Chainblazer
Nerf,Charger MXX-1200
Nerf,Cheetah Beast Blaster
Nerf,Chewbacca Bowcaster
Nerf,Clear Shot
Nerf,Cobra RC-6
Nerf,Codebreaker Crossbow
Nerf,Combow
Nerf,Commander RD-6
Nerf,CommLink II
Nerf,Contractor
Nerf,Coral Viper
Nerf,CornerSight
Nerf,Counter Strike
Nerf,Courage Crossbow
Nerf,CrossBolt
Nerf,Crossbow (Nerf Action)
Nerf,Crosscut
Nerf,Crosscut (Micro Shots)
Nerf,Crossfire
Nerf,Crossfire Bow
Nerf,CycloneShock
Nerf,CycloneShock (BattleCamo)
Nerf,Cyclotron
Nerf,D.Va Blaster
Nerf,D.Va Blaster (Micro Shots)
Nerf,Dart Blaster Pen
Nerf,DartFire
Nerf,Dauntless
Nerf,Defender T3
Nerf,Delta Trooper
Nerf,DeltaBurst
Nerf,Demolisher
Nerf,Demolisher 2-In-1
Nerf,Deploy CS-6
Nerf,Deploy CS-6 (Clear)
Nerf,Deploy CS-6 (Sonic)
Nerf,Deploy CS-6 (Whiteout)
Nerf,Desolator
Nerf,Detonator
Nerf,DG
Nerf,Diamondista
Nerf,Diatron
Nerf,Disc Shot
Nerf,Disruptor
Nerf,Doominator
Nerf,DORADO
Nerf,Double Blast
Nerf,Double Crossbow
Nerf,Double Dealer
Nerf,Double Launcher
Nerf,DoubleBreach
Nerf,Doubleclutch
Nerf,DoubleDown
Nerf,Doublestrike
Nerf,Doublestrike (Micro Shots)
Nerf,DP-E
Nerf,Dreadbolt
Nerf,Dual-Strike
Nerf,DuelFury
Nerf,Duet
Nerf,Eagle Eye
Nerf,Echo CS-10
Nerf,Electric Eel
Nerf,Element EX-6
Nerf,Element EX-6 (ICON Series)
Nerf,Epic Action Bow
Nerf,Eraser ZR-100
Nerf,Evader
Nerf,EverFierce Bow
Nerf,Expand-a-Blast
Nerf,Fair Fortune Crossbow
Nerf,FalconFire
Nerf,Fang QS-4
Nerf,FastBlast
Nerf,Fearless Fire
Nerf,Finisher XX-700
Nerf,Firefly REV-8
Nerf,Firestrike (BattleCamo)
Nerf,Firestrike (Dart Tag)
Nerf,Firestrike (Elite XD)
Nerf,Firestrike (Micro Shots)
Nerf,Firestrike (N-Strike Elite)
Nerf,First Order Stormtrooper Blaster
Nerf,First Order Stormtrooper Blaster (Micro Shots)
Nerf,First Order Stormtrooper Deluxe Blaster
Nerf,First Order Stormtrooper Deluxe Blaster (GlowStrike)
Nerf,FIVE
Nerf,Five By Five
Nerf,FlashFury
Nerf,Flip & Fire Gauntlet
Nerf,FlipFury
Nerf,FlipFury (Micro Shots)
Nerf,Flipside
Nerf,Flyte CS-10
Nerf,FocusFire Crossbow
Nerf,FOUR
Nerf,Furyfire
Nerf,Fusefire
Nerf,Galactagon
Nerf,Gatlin' Storm
Nerf,Gator
Nerf,Ghoulgrinder
Nerf,GL
Nerf,Glider Launcher
Nerf,GlowShot
Nerf,Grace Fire
Nerf,Grip Blaster
Nerf,Guardian Crossbow
Nerf,Gyro Strike
Nerf,Hades XVIII-6000
Nerf,Hail-Fire
Nerf,Hail-Fire (Sonic ICE)
Nerf,Hammershot
Nerf,Hammershot (Micro Shots)
Nerf,Hammerstorm
Nerf,Han Solo Blaster
Nerf,Han Solo Blaster (GlowStrike)
Nerf,Han Solo Blaster (Micro Shots)
Nerf,Han Solo Launcher
Nerf,Harpoon Crossbow
Nerf,Havok Fire EBF-25 (Elite Repaint)
Nerf,Hawkeye Longshot Bow
Nerf,HC-E (blaster)
Nerf,HC-L
Nerf,Heartbreaker Bow
Nerf,Helios XVIII-700
Nerf,Helios XVIII-700 (Edge Series)
Nerf,Helios XVIII-700 (Phantom Corps)
Nerf,Hera MXVII-1200
Nerf,Hera Syndulla's A-Wing
Nerf,Heracles XIX-500
Nerf,Hidden Shot
Nerf,Holdout
Nerf,Hornet AS-6
Nerf,HotShock
Nerf,Hulk Assembler Gear
Nerf,Hulk Assembler Gear (2019)
Nerf,Hulk Blaster
Nerf,Hydro Bazooka
Nerf,Hyperfire
Nerf,HyperFire
Nerf,Hypnos XIX-1200
Nerf,Imperial AT-ACT
Nerf,Imperial Death Trooper Blaster
Nerf,Imperial Death Trooper Deluxe Blaster
Nerf,Improv
Nerf,Incisor
Nerf,Infinus
Nerf,IonFire
Nerf,IR
Nerf,Iron Flyers
Nerf,Iron Man Assembler Gear
Nerf,Iron Man Assembler Gear (2019)
Nerf,Iron Man Blaster
Nerf,Iron Man Repulsor Blast
Nerf,Iron Man Repulsor Blaster
Nerf,Iron Raptor
Nerf,Iron Spider Assembler Gear
Nerf,Iron Spider Assembler Gear (2019)
Nerf,Iron Strike Blaster
Nerf,Jango Fett blaster
Nerf,Jolt (Elite Repaint)
Nerf,Jolt (Sonic FIRE)
Nerf,Jolt (Sonic ICE)
Nerf,Jolt EX-1
Nerf,Jupiter XIX-1000
Nerf,Khaos MXVI-4000
Nerf,Knockout XX-100
Nerf,Komet Hunter
Nerf,Kronos XVIII-500
Nerf,Kronos XVIII-500 (Chimichanga)
Nerf,Kronos XVIII-500 (Deadpool)
Nerf,Kronos XVIII-500 (Edge Series)
Nerf,Kronos XVIII-500 (Phantom Corps)
Nerf,Laser Fang
Nerf,Lawbringer
Nerf,Lightnin' Blitz
Nerf,Lightning Bow
Nerf,Lock 'n Load
Nerf,Longarm
Nerf,LongShot
Nerf,Longshot CS-12
Nerf,Longshot CS-6
Nerf,Longshot CS-6 (Elite Repaint)
Nerf,Longshot CS-6 (ICON Series)
Nerf,Longshot CS-6 (Red Strike)
Nerf,Longshot front blaster
Nerf,LongStrike
Nerf,Longstrike CS-6
Nerf,Longstrike CS-6 (Sonic)
Nerf,Longstrike CS-6 (Whiteout)
Nerf,Lumanate
Nerf,Lumitron
Nerf,Lynx SD-1
Nerf,Lúcio Blaster
Nerf,MA40
Nerf,Mad Hornet
Nerf,Magnus
Nerf,Magnus (Sonic ICE)
Nerf,Magnus (Z.E.D. Squad)
Nerf,Magstrike
Nerf,Magstrike (ICON Series)
Nerf,Magstrike AS-10
Nerf,Mako RC-6
Nerf,Mandalorian Rocket Gauntlet
Nerf,Mangler
Nerf,Manta Ray
Nerf,Master Blaster
Nerf,Maverick REV-6
Nerf,Maverick REV-6 (Clear)
Nerf,Maverick REV-6 (Elite Repaint)
Nerf,Maverick REV-6 (Gear Up)
Nerf,Maverick REV-6 (Sonic)
Nerf,Maverick REV-6 (Whiteout)
Nerf,McCree Blaster
Nerf,Mediator
Nerf,Mediator Barrel
Nerf,Mediator Stock blaster
Nerf,Mega Dart Barrel Extension
Nerf,Mega Mastodon
Nerf,Mega ThunderBow
Nerf,Mega ThunderBow (Sonic ICE)
Nerf,Megalodon
Nerf,Mei Blaster
Nerf,Mercury XIX-500
Nerf,Messenger
Nerf,Micro AR-I
Nerf,Micro AR-L
Nerf,Micro Battle Bus
Nerf,Micro Battle Bus (Ice Storm)
Nerf,Micro Blaster
Nerf,Micro HC-E
Nerf,Micro HC-I
Nerf,Micro HC-R
Nerf,Micro Llama
Nerf,Micro Llama (Ice Storm)
Nerf,Micro Peely
Nerf,Micro Rainbow Smash
Nerf,Micro RL
Nerf,Micro RL-I
Nerf,Micro RL-L
Nerf,Micro TS
Nerf,Micro TS-E
Nerf,Micro TS-I
Nerf,Micro TS-R
Nerf,Miles Morales Assembler Gear
Nerf,Mini Mischief
Nerf,Missile Launcher
Nerf,Missile Launcher Stock
Nerf,Missilestorm
Nerf,Modulus ECS-10
Nerf,Mono Blast
Nerf,MotoFury
Nerf,Motorized Arc FX Gauntlet
Nerf,Motorized Disk Launcher
Nerf,Motorized Spider Force Web Blaster
Nerf,MotoStryke
Nerf,Nailbiter
Nerf,NanoFire
Nerf,NB-1 Missile Blaster
Nerf,Negotiator
Nerf,Nemesis MXVII-10K
Nerf,Ninja Commando Blaster
Nerf,Nite Finder
Nerf,Nite Finder EX-3
Nerf,Nite Finder EX-3 (Clear)
Nerf,Nite Finder EX-3 (Elite Repaint)
Nerf,Nite Finder EX-3 (Sonic)
Nerf,Nite Finder EX-3 (Whiteout)
Nerf,Nitron
Nerf,NitroQuad
Nerf,On the Go Blaster Keychain
Nerf,ONE
Nerf,Optic QS-4
Nerf,Outbreaker Bow
Nerf,Perceptor
Nerf,Perses MXIX-5000
Nerf,Persuader
Nerf,PHARAOH
Nerf,Phoenix CS-6
Nerf,Phoenix LTX Tagger
Nerf,Pink Crush
Nerf,Platinum Bow
Nerf,PocketStrike
Nerf,Poe Dameron Blaster
Nerf,Power Webs Spider Strike Crossbow
Nerf,Powerbelle
Nerf,PowerClip
Nerf,Praxis
Nerf,Praxis (Sonic)
Nerf,Praxis (VTX)
Nerf,Prometheus MXVIII-20K
Nerf,Proton
Nerf,Proton (Sonic)
Nerf,Pulsator
Nerf,Pyragon
Nerf,Pyragon (VTX)
Nerf,Qi'Ra Blaster
Nerf,Quadrant (AccuStrike)
Nerf,Quadrant (N-Strike Elite)
Nerf,Quadrot
Nerf,Quick 16
Nerf,Quickstrike
Nerf,Raider CS-35 (Clear)
Nerf,Raider CS-35 (Gear Up)
Nerf,Raider Rapid Fire CS-35
Nerf,Rampage
Nerf,Rampage (2019)
Nerf,Rampage (Elite XD)
Nerf,Rampage (Sonic ICE)
Nerf,Ramrod
Nerf,Range Launcher
Nerf,Range Shot
Nerf,Rapid Fire 20
Nerf,Rapid Fire 20 (2003)
Nerf,Rapid Fire AS-20
Nerf,Rapid Glow
Nerf,Rapid Red
Nerf,Rapid Reload Blaster
Nerf,RapidStrike CS-18
Nerf,RapidStrike CS-18 (Elite XD)
Nerf,RaptorStrike
Nerf,Ratchet Blast
Nerf,Rattler
Nerf,Ravager
Nerf,Rayven CS-18 (N-Strike Elite)
Nerf,Rayven CS-18 (N-Strike)
Nerf,Rayven Stinger
Nerf,RayvenFire
Nerf,Razor Fin
Nerf,Razorbeast
Nerf,Reactor
Nerf,Reactor (Action Blasters)
Nerf,Reactor (Atom Blasters)
Nerf,Reactor (Ball Blasters)
Nerf,Reaper Blaster (Wight Edition)
Nerf,Rebel U-Wing Fighter
Nerf,Recon CQ-12
Nerf,Recon CS-6
Nerf,Recon CS-6 (Clear)
Nerf,Recon CS-6 (Gear Up)
Nerf,Recon CS-6 (Red Strike)
Nerf,Recon CS-6 (Sonic)
Nerf,Recon MKII
Nerf,Reflex IX-1
Nerf,Reflex IX-1 (Elite Repaint)
Nerf,Regulator
Nerf,Retaliator
Nerf,Retaliator (Elite XD)
Nerf,Retaliator (Sonic ICE)
Nerf,Revoltinator
Nerf,Revonix360
Nerf,RevReaper
Nerf,Rey (Island Journey) Blaster
Nerf,Rey (Island Journey) Blaster (Micro Shots)
Nerf,Rey (Jakku) Blaster
Nerf,Rhino-Fire
Nerf,Ricochet
Nerf,Ripchain
Nerf,RipChord
Nerf,Ripsaw
Nerf,Ripshot
Nerf,RL
Nerf,RL-L
Nerf,RL-Rippley
Nerf,Roadhog Blaster
Nerf,Rocket Power Blaster
Nerf,Rocketstorm
Nerf,Ronin Assembler Gear
Nerf,RotoFury
Nerf,RotoTrack
Nerf,Rough Cut 2x4
Nerf,Rough Cut 2x4 (BattleCamo)
Nerf,Rough Cut 2x4 (Elite XD)
Nerf,Rough Cut 2x4 (Micro Shots)
Nerf,Roundhouse XX-1500
Nerf,Rukkus ICS-8
Nerf,Saturn XX-1000
Nerf,Sawtooth
Nerf,Scout IX-3
Nerf,Scout MKII
Nerf,Scravenger
Nerf,Scravenger shoulder stock blaster
Nerf,Secret Shot (Nerf Action)
Nerf,Secret Shot (Rebelle)
Nerf,Secret Shot II
Nerf,Secret Strike AS-1
Nerf,Secret Strike Pocket Blaster
Nerf,Sergeant Jyn Erso Deluxe Blaster
Nerf,SEVEN
Nerf,Shadow ICS-6
Nerf,Sharp Shot
Nerf,SharpFire
Nerf,SharpFire Delta
Nerf,Sharpshooter
Nerf,Sharpshooter II
Nerf,ShellStrike DS-6
Nerf,Shockwave RD-15
Nerf,Sidestrike (N-Strike Elite)
Nerf,Sidestrike (Zombie Strike)
Nerf,Signature Bow
Nerf,SilentStrike
Nerf,Sith Trooper Blaster
Nerf,SledgeFire
Nerf,Slide Blast Armor
Nerf,Slingback
Nerf,SlingFire
Nerf,Slingfire DX400
Nerf,Slingshot (Nerf)
Nerf,SlingStrike
Nerf,SmashShot
Nerf,SMG-E
Nerf,SMG-L
Nerf,SnapFire
Nerf,Snapfire 8
Nerf,Sneak Attacker
Nerf,Sneak Shot
Nerf,Solar Recon
Nerf,Soldier: 76 Blaster
Nerf,Sonic Stinger Bow 'n' Arrow
Nerf,SP-L
Nerf,SP-R
Nerf,SP-Rippley
Nerf,Space Agent
Nerf,Spectre REV-5 (ICON Series)
Nerf,Spectre REV-5 (N-Strike Elite)
Nerf,Spectre REV-5 (N-Strike)
Nerf,Spectre REV-5 (Whiteout)
Nerf,Speedload 6
Nerf,Speedswarm
Nerf,Spider Racer
Nerf,Spider-Man Blaster
Nerf,Spider-Man vs. Venom Blaster
Nerf,Spider-Man Web Blast
Nerf,Spiderbolt
Nerf,SplitFire
Nerf,SplitStrike
Nerf,SplitStrike (BattleCamo)
Nerf,Spylight
Nerf,SR
Nerf,Stampede ECS
Nerf,Stampede ECS (ICON Series)
Nerf,Stampede ECS (Sonic)
Nerf,Star Shot
Nerf,Star-Lord Assembler Gear
Nerf,Star-Lord Battle Gear blaster
Nerf,Star-Lord Quad Blaster
Nerf,Stark Strike
Nerf,Stealthfire Shield
Nerf,Stinger (AirJet Power)
Nerf,Stinger (Dart Tag)
Nerf,Stinger SD-1
Nerf,Stinging Scarab
Nerf,Stockade
Nerf,Stockade (Elite XD)
Nerf,StockShot
Nerf,Stormfire
Nerf,Stormtrooper Blaster (RIVAL)
Nerf,StratoBow
Nerf,StratoHawk
Nerf,Striker Morpher Blaster
Nerf,Striker Slingshot
Nerf,StrongArm
Nerf,Strongarm
Nerf,Strongarm (Elite XD)
Nerf,Strongarm (Micro Shots)
Nerf,Strongarm (Sonic FIRE)
Nerf,Strongheart Bow
Nerf,Stryfe (BattleCamo)
Nerf,Stryfe (Elite XD)
Nerf,Stryfe (Micro Shots)
Nerf,Stryfe (N-Strike Elite)
Nerf,Stryfe (N-Strike Modulus)
Nerf,Stryfe CQ-10
Nerf,SuperMAXX 1500
Nerf,SuperMAXX 1500 (2000)
Nerf,SuperMAXX 250
Nerf,SuperMAXX 3000 (blue)
Nerf,SuperMAXX 3000 (green)
Nerf,SuperMAXX 3000 (yellow)
Nerf,SuperMAXX 350
Nerf,SuperMAXX 5000
Nerf,SuperMAXX 750
Nerf,SuperMAXX 750 (2001)
Nerf,SuperMAXX Ball Shooter
Nerf,SuperMAXX Disc Shooter
Nerf,Surestrike
Nerf,SurgeFire
Nerf,Swarmfire
Nerf,Sweet Destiny
Nerf,Sweet Mystery
Nerf,Sweet Revenge
Nerf,Switch Shot EX-3
Nerf,Switch Shots Max
Nerf,Switch Shots Super
Nerf,Switch Shots Ultra
Nerf,Switchfire (Nerf Action)
Nerf,Switchfire (Rip Rockets)
Nerf,Swivel Launcher
Nerf,Takedown XX-800
Nerf,Talon (Nerf)
Nerf,TalonStrike
Nerf,Tech Target Eliminator (N-Strike)
Nerf,Tech Target Eliminator (original)
Nerf,Tennis Ball Blaster (large)
Nerf,The Judge (Nerf)
Nerf,Thor Hammer Strike
Nerf,THREE
Nerf,ThrottleShot
Nerf,ThunderBlast
Nerf,Thunderhawk
Nerf,TIE Striker
Nerf,Tiger DB-2
Nerf,Titan AS-V.1
Nerf,Titan CS-50
Nerf,Tobias Beckett Blaster
Nerf,Torbjörn Blaster
Nerf,Tracer Blaster
Nerf,Tracer Blaster (RIVAL)
Nerf,Tracker ECS-10
Nerf,Tri-Break
Nerf,Tri-Strike
Nerf,Triad EX-3
Nerf,Triad EX-3 (Elite XD)
Nerf,Tribute Bow
Nerf,Trilogy
Nerf,Trilogy DS-15
Nerf,Trio TD-3
Nerf,Triple Strike
Nerf,Triple Torch
Nerf,True Legacy Bow
Nerf,TruePoint
Nerf,TS
Nerf,TS-R (blaster)
Nerf,Turbine CS-18
Nerf,TwinShock
Nerf,TWO
Nerf,Unknown Air Tech jet blaster
Nerf,Uppercut
Nerf,Vagabond
Nerf,Vanguard LR-1
Nerf,Venom Shot
Nerf,Vibranium Strike Gauntlet
Nerf,Vigilon
Nerf,Vigilon (Sonic)
Nerf,Vigilon (VTX)
Nerf,Voidcaster
Nerf,Volt SD-1
Nerf,Vulcan EBF-25
Nerf,Vulcan EBF-25 (Clear)
Nerf,Vulcan EBF-25 (Red Strike)
Nerf,Vulcan EBF-25 (Sonic)
Nerf,War Machine Battle Gauntlet
Nerf,Warden DB-8
Nerf,Warrior Bow
Nerf,Warthog
Nerf,Web Slinger
Nerf,Whipshot
Nerf,Whiptail Scorpion
Nerf,Wild Glam
Nerf,WildFire
Nerf,Wingspeed
Nerf,Wolf LR-1
Nerf,Wrathbolt
Nerf,Wrist Blitzer
Nerf,Zap Snaps
Nerf,Zeus MXV-1200
